fold,model,segment,mae,rmse,median_ae,r2,rmsle,wape,mean_error,negative_prediction_n
fold_1,dummy_mean,above_training_p90,645058.3020551149,706327.734442585,545376.0179642059,-5.025446501243329,0.7898878045603216,0.543352365259621,-645058.3020551149,0
fold_1,dummy_mean,above_training_p99,2209804.5893927775,2261467.3010931695,2157876.0179642057,-21.139731409651795,1.6188564664438825,0.8030021608611853,-2209804.5893927775,0
fold_1,dummy_mean,at_or_below_training_p90,173522.54208023974,202944.67359340924,167123.98203579406,-0.3308996526179804,0.5271180681334824,0.39353730048198504,101193.62583393484,0
fold_1,dummy_median,above_training_p90,712182.2840909091,768116.046678828,612500.0,-6.125746890069387,0.9174056767131061,0.5998929512633911,-712182.2840909091,0
fold_1,dummy_median,above_training_p99,2276928.5714285714,2327101.5770696388,2225000.0,-22.443497486306867,1.7503842017043778,0.8273937757935993,-2276928.5714285714,0
fold_1,dummy_median,at_or_below_training_p90,149988.27059760957,179184.62896981207,145000.0,-0.03750811015057631,0.46637793796687976,0.34016317653789413,34069.64379814077,0
fold_1,elastic_log_both_9,above_training_p90,318891.17248229164,379454.0456668211,285565.4436410287,-0.7389820171626096,0.37509019011772227,0.26861180187378236,-225700.52030657473,0
fold_1,elastic_log_both_9,above_training_p99,1340475.406713323,1479074.917353587,1406427.8285718816,-8.470481654524352,0.7391565326528107,0.4871039970406863,-1340475.406713323,0
fold_1,elastic_log_both_9,at_or_below_training_p90,101247.68746725938,163652.53873254434,76197.89830863976,0.13456293648680406,0.3247932628458737,0.2296228554989938,24148.29221822514,0
fold_1,extra_trees_log_9,above_training_p90,322490.487558203,382824.6995838374,293594.31431684067,-0.7700136544078695,0.379048907338839,0.271643615205353,-252650.81667696286,0
fold_1,extra_trees_log_9,above_training_p99,1305139.652028156,1415395.2619985633,1350924.9474881825,-7.672557694012596,0.6911507347449011,0.4742636366287067,-1305139.652028156,0
fold_1,extra_trees_log_9,at_or_below_training_p90,102072.64758846044,166924.43436870913,68456.5647075235,0.0996117407683621,0.3253258388304018,0.23149380883572301,30667.78127072483,0
fold_1,gradient_boosting_log_9,above_training_p90,450806.3232325131,518153.3563447785,407427.8396345965,-2.242599767090676,0.5250396779496717,0.3797279737691843,-448732.97265810333,0
fold_1,gradient_boosting_log_9,above_training_p99,1798255.4032662096,1856419.6405448092,1706793.6221299865,-13.919148326357352,1.0601487161851162,0.6534527901400818,-1798255.4032662096,0
fold_1,gradient_boosting_log_9,at_or_below_training_p90,109497.8247380294,141654.82698371267,88498.79273699078,0.3515854482881795,0.3525661508075922,0.24833360461102158,21797.830934441394,0
fold_1,hist_gradient_boosting_log_9,above_training_p90,304015.9154582451,363179.99405686144,271587.38240805716,-0.593017512878389,0.3596795124907526,0.2560819172693828,-212636.15480666392,0
fold_1,hist_gradient_boosting_log_9,above_training_p99,1381856.8802262156,1445515.2001520651,1386311.171144847,-8.045593108878663,0.7156160671909444,0.5021412599778602,-1381856.8802262156,0
fold_1,hist_gradient_boosting_log_9,at_or_below_training_p90,103211.24654493417,163350.81507064254,72244.70298385038,0.13775118065206626,0.32683609562199045,0.23407607367745795,29636.820658427077,0
fold_1,huber_log_both_9,above_training_p90,301242.05971243454,381759.01068042073,250240.25364567863,-0.7601728137336021,0.37817560814211065,0.2537454136144831,-231426.9802533171,0
fold_1,huber_log_both_9,above_training_p99,1468721.6188961514,1605633.9420746032,1462564.1258384367,-10.160529590269894,0.8455554992113535,0.5337063011536357,-1468721.6188961514,0
fold_1,huber_log_both_9,at_or_below_training_p90,89671.30408249176,147638.42659640434,60751.66693276551,0.2956495228116459,0.3014851054951789,0.20336840687249028,25965.65429027579,0
fold_1,lasso_log_both_9,above_training_p90,323104.5089052797,383880.95919558406,289907.8614972515,-0.7797944922442646,0.3789212332597288,0.2721608241928059,-231967.29362444105,0
fold_1,lasso_log_both_9,above_training_p99,1342877.76699534,1479800.3832568899,1403187.6863995357,-8.479774214885271,0.7391605160846819,0.4879769703827123,-1342877.76699534,0
fold_1,lasso_log_both_9,at_or_below_training_p90,102280.83334597925,164070.43230539717,77527.78167818958,0.1301374341751408,0.3266799495447447,0.23196595994664243,23830.49670195793,0
fold_1,ols_log_zip_9,above_training_p90,354139.36751529237,422261.982560834,324715.2777583529,-1.153479196864021,0.4340523912122236,0.2983024361641956,-251959.86420706593,0
fold_1,ols_log_zip_9,above_training_p99,1281594.3287860074,1364408.8392785517,1231118.5572512266,-7.0589928657286265,0.6588645792671718,0.4657077011707141,-1281594.3287860074,0
fold_1,ols_log_zip_9,at_or_below_training_p90,115974.3687547179,177216.5516680545,86236.77997607342,-0.014842298091664263,0.3552225678487367,0.26302196508698644,25239.477028272977,0
fold_1,ols_raw_zip_9,above_training_p90,310004.8224692204,378596.3678623125,280690.0040079423,-0.7311296793281366,0.3851391436147382,0.2611265570784761,-221035.99345965183,0
fold_1,ols_raw_zip_9,above_training_p99,1256739.882451407,1329028.4399111068,1150170.8937567752,-6.646457372000298,0.6279325635037546,0.4566760545674383,-1256739.882451407,0
fold_1,ols_raw_zip_9,at_or_below_training_p90,129061.95979124446,191247.0218187269,95409.48167019378,-0.1818962602528731,0.6292954603869483,0.2927037296841489,50239.91480643099,1
fold_1,random_forest_log_9,above_training_p90,341688.7559565378,405066.8027640584,336483.0908281768,-0.9816640007444646,0.40755708786748074,0.2878149046994815,-266863.1048222544,0
fold_1,random_forest_log_9,above_training_p99,1393448.3572787407,1486279.4379297174,1282752.2043113345,-8.56296710304325,0.7509138033593413,0.5063533885820949,-1393448.3572787407,0
fold_1,random_forest_log_9,at_or_below_training_p90,110221.47774942154,169804.66371141962,77968.33950138878,0.06827183297703421,0.34230679481034504,0.2499748003264303,28664.437195086583,0
fold_1,ridge_log_both_9,above_training_p90,315117.7926159281,378453.0514547335,283823.090083711,-0.7298193005228062,0.3743891220533777,0.26543336843779736,-219326.24057633654,0
fold_1,ridge_log_both_9,above_training_p99,1317193.2583316308,1450927.0003419777,1371304.0501435436,-8.11345068501972,0.720030708366139,0.47864369446473465,-1317193.2583316308,0
fold_1,ridge_log_both_9,at_or_below_training_p90,97802.70359786632,161118.61358497606,70718.12749384227,0.16115556242136353,0.31752790444347445,0.221809866846845,24163.62539607038,0
fold_1,ridge_log_both_full12,above_training_p90,300518.99444918614,369882.325607771,263317.428011527,-0.652356963387295,0.36084501269164065,0.2531363535965415,-188527.64064178898,0
fold_1,ridge_log_both_full12,above_training_p99,1291719.5138365447,1432514.5678608003,1317139.580813101,-7.883616807011153,0.7111410137879264,0.4693870063516917,-1291719.5138365447,0
fold_1,ridge_log_both_full12,at_or_below_training_p90,94858.20038329418,166743.37900708136,65104.19699836039,0.10156390208292676,0.3127496678684585,0.2151319342138191,24137.08790704163,0
fold_1,size_only_log,above_training_p90,444728.3579353362,514491.3001711393,393906.7530579641,-2.1969274947374573,0.5275304965077531,0.3746083174378644,-437663.51642354054,0
fold_1,size_only_log,above_training_p99,1683442.162549665,1735152.9331642638,1606280.6673465017,-12.033685583763381,0.9521607938689257,0.6117317796790642,-1683442.162549665,0
fold_1,size_only_log,at_or_below_training_p90,125885.10983719437,160385.47502359972,102818.20774943096,0.1687721871778114,0.38279790459759744,0.2854988504796068,19249.562325582774,0
fold_1,size_only_raw,above_training_p90,374705.30188909057,446833.23819181556,330871.04986184975,-1.411391124727221,0.44344900126239944,0.3156257525995876,-343326.9166773582,0
fold_1,size_only_raw,above_training_p99,1496365.2361821646,1551688.3064401825,1413113.4457451373,-9.423191028779145,0.7972164456326416,0.5437514809497315,-1496365.2361821646,0
fold_1,size_only_raw,at_or_below_training_p90,137407.74282565617,180597.34348237608,112300.4934695434,-0.05393229415027356,0.4073092562343458,0.31163139687019076,55727.92021174814,0
fold_2,dummy_mean,above_training_p90,652734.1183410706,705379.8877222,560152.1589207808,-5.958993649342,0.7972490165041531,0.5473285195915276,-652734.1183410706,0
fold_2,dummy_mean,above_training_p99,2583866.206063638,3055195.8741409085,2020650.4889207808,-2.5119349616730022,1.708098916276319,0.8271775735768779,-2583866.206063638,0
fold_2,dummy_mean,at_or_below_training_p90,162571.45169181563,193584.96306457304,149847.84107921924,-0.17163016535301034,0.47892836604537836,0.3490488941266336,74092.31390990708,0
fold_2,dummy_median,above_training_p90,732581.9594202898,779855.9379940375,640000.0,-7.5060721388688805,0.952786213882792,0.6142822752210637,-732581.9594202898,0
fold_2,dummy_median,above_training_p99,2663714.0471428568,3123016.1356413313,2100498.33,-2.6695837416305217,1.8643542934452493,0.852739401540053,-2663714.0471428568,0
fold_2,dummy_median,at_or_below_training_p90,147250.1211904762,178937.399772056,133500.0,-0.0010356607597596934,0.4261813970212019,0.3161532447836043,-5755.5271693121695,0
fold_2,elastic_log_both_9,above_training_p90,232447.37885167057,316190.1061913379,177095.0641471641,-0.3982886994252035,0.29505838057779027,0.1949110306554213,-189321.10345401108,0
fold_2,elastic_log_both_9,above_training_p99,1072456.4150029023,1296210.8995345852,832656.3561632351,0.3678506659151589,0.7124981124906034,0.3433273336859491,-1072456.4150029023,0
fold_2,elastic_log_both_9,at_or_below_training_p90,70003.34531494691,102248.97077953268,48798.1314565895,0.6731374269534155,0.22723979054571522,0.1503006217454918,-4015.969745857146,0
fold_2,extra_trees_log_9,above_training_p90,259251.96391680773,337204.739434357,181555.85530867148,-0.5903314041945558,0.3088022793956624,0.21738712536187385,-200327.81646830888,0
fold_2,extra_trees_log_9,above_training_p99,1663480.688572817,2265150.8586214045,1131236.925383332,-0.9304680098400782,0.8843969380829793,0.5325329602734732,-1663480.688572817,0
fold_2,extra_trees_log_9,at_or_below_training_p90,78274.94037092323,118725.19340927513,54973.21389385247,0.5593101212289439,0.2520896522084001,0.16806014272476602,113.79660930444835,0
fold_2,gradient_boosting_log_9,above_training_p90,469872.9664788651,527104.2638754211,420475.7584308719,-2.88591550981525,0.5362748909264778,0.393996372968168,-469872.9664788651,0
fold_2,gradient_boosting_log_9,above_training_p99,2288127.7613266534,2779379.509691255,1773038.8821141194,-1.906457987576161,1.3129755214147163,0.7325023119256122,-2288127.7613266534,0
fold_2,gradient_boosting_log_9,at_or_below_training_p90,104066.54629426327,132068.75525240213,88482.6064653587,0.45468496225632493,0.31548611396744936,0.22343598781691507,-5845.592205031931,0
fold_2,hist_gradient_boosting_log_9,above_training_p90,276804.2763298947,345056.1975070138,234569.0895751256,-0.6652519818366982,0.3210816889914325,0.2321050340761891,-236794.7264814627,0
fold_2,hist_gradient_boosting_log_9,above_training_p99,1820093.2198461744,2344019.1038127663,1309283.1427010926,-1.0672387658915077,0.9487663108913544,0.582669601755303,-1820093.2198461744,0
fold_2,hist_gradient_boosting_log_9,at_or_below_training_p90,77214.05711112745,110749.91399254516,57465.319971322344,0.6165276101562452,0.24399679539450486,0.16578237424342682,-4198.886379096165,0
fold_2,huber_log_both_9,above_training_p90,217251.16805363822,301908.110844736,173417.5736930722,-0.274822899923856,0.27995103813292405,0.18216875271133842,-173035.3884334783,0
fold_2,huber_log_both_9,above_training_p99,1109696.3352449257,1361769.3428267161,762370.0671480617,0.30228918911605207,0.6790864324581098,0.3552490139934297,-1109696.3352449257,0
fold_2,huber_log_both_9,at_or_below_training_p90,69159.71604762578,101456.42548146233,47821.09930516171,0.6781848991156922,0.22839970811908497,0.1484893082599635,2067.062174910581,0
fold_2,lasso_log_both_9,above_training_p90,233318.41073651714,316528.69587609975,175528.19465686125,-0.40128499572732323,0.2955406395264657,0.1956414055181016,-191035.89237607902,0
fold_2,lasso_log_both_9,above_training_p99,1071829.5279436696,1294375.6594112199,842588.4406602895,0.36963945588150104,0.713977651298512,0.34312664724353736,-1071829.5279436696,0
fold_2,lasso_log_both_9,at_or_below_training_p90,70078.83357674122,102254.83005751389,48644.997204394196,0.6730999647953858,0.22746036347732057,0.15046269875239948,-4184.197703175734,0
fold_2,ols_log_zip_9,above_training_p90,250910.1950826621,338791.0639894377,181012.89380744565,-0.6053295075340897,0.3400676338494967,0.21039241211113802,-215333.64617852448,0
fold_2,ols_log_zip_9,above_training_p99,1179975.9183838752,1352633.3009367997,1008283.3318497727,0.31161959848244514,0.7664691816509593,0.37774773893377167,-1126442.3060157786,0
fold_2,ols_log_zip_9,at_or_below_training_p90,79125.18454036023,117535.48824102127,53476.627970132016,0.5680978795726004,0.2597606051983806,0.16988565873013578,-1447.8668284856333,0
fold_2,ols_raw_zip_9,above_training_p90,233616.37785728168,305618.83897192066,186495.29862727877,-0.30635297313017285,0.2846181472795083,0.19589125595262386,-166145.43261196685,0
fold_2,ols_raw_zip_9,above_training_p99,1425973.129255478,1837274.6047458763,943214.813831608,-0.2700373439584771,0.7450434914712122,0.45649925304774996,-1425973.129255478,0
fold_2,ols_raw_zip_9,at_or_below_training_p90,94522.68494830737,134895.06531824896,67906.51867656547,0.4310954197115078,0.3364147202305211,0.20294484860497716,19284.595219921433,0
fold_2,random_forest_log_9,above_training_p90,300697.70655479445,369258.7746794479,243088.60854293196,-0.9070494013242067,0.34594985740917117,0.252140076562086,-267062.41917113325,0
fold_2,random_forest_log_9,above_training_p99,1820011.0688628533,2286609.9000538434,1327451.4684284062,-0.9672180732219571,0.9429684143926381,0.5826433026184162,-1820011.0688628533,0
fold_2,random_forest_log_9,at_or_below_training_p90,87490.4544251477,121718.2138646937,65077.4042272057,0.5368107768361525,0.2698495686224986,0.18784630416923223,-5199.924785041554,0
fold_2,ridge_log_both_9,above_training_p90,229507.35759346743,314632.44776388316,177555.62549929833,-0.3845457567030679,0.2933526710949076,0.19244577345864783,-186808.69665985004,0
fold_2,ridge_log_both_9,above_training_p99,1095269.5670214274,1337898.0275089822,798511.5663082015,0.3265360183404048,0.7104040529289273,0.35063054764030954,-1095269.5670214274,0
fold_2,ridge_log_both_9,at_or_below_training_p90,69985.37409772456,102446.24179511095,48969.95129904212,0.67187496508162,0.22714296853124502,0.15026203665916643,-3648.819611552877,0
fold_2,ridge_log_both_full12,above_training_p90,229188.14785947584,316190.03946032294,180090.12667672266,-0.3982881092156274,0.29440789965188485,0.19217811073620752,-185641.73696924586,0
fold_2,ridge_log_both_full12,above_training_p99,1092008.9141594768,1338094.4553438458,790930.6304341925,0.3263382502293328,0.7044742930993361,0.34958670917982904,-1092008.9141594768,0
fold_2,ridge_log_both_full12,at_or_below_training_p90,70435.8362205748,102618.65799055017,49006.499997816965,0.6707695721260987,0.2275862144347267,0.15122920096870876,-3435.9507684267505,0
fold_2,size_only_log,above_training_p90,454416.41886243335,517166.3913736043,419622.89456522174,-2.740768935654758,0.5251325307650612,0.38103579823002154,-448702.8381335727,0
fold_2,size_only_log,above_training_p99,2060612.823988316,2448764.916984505,1649447.0496008652,-1.2561217685447792,1.151061792696253,0.659667560119045,-2060612.823988316,0
fold_2,size_only_log,at_or_below_training_p90,124247.06331820987,153482.81487128147,107027.60379591765,0.2635100653081879,0.36760723664653533,0.26676454936205923,2727.6375548529127,0
fold_2,size_only_raw,above_training_p90,370719.4482549318,435894.8212054314,320372.58249948244,-1.6574415036688146,0.4226625797474256,0.3108544828525976,-337902.7873707654,0
fold_2,size_only_raw,above_training_p99,1807682.1855474752,2173927.126211546,1540620.671718862,-0.7781087132919728,1.002486127737544,0.5786964358024045,-1807682.1855474752,0
fold_2,size_only_raw,at_or_below_training_p90,135868.72035704268,170736.6439751396,110132.84462325176,0.08861728838413518,0.39051660881238237,0.29171681801137594,40050.19283560801,0
fold_3,dummy_mean,above_training_p90,619477.0295891324,677004.4511195255,525389.172016317,-5.145282069273473,0.7680840986609667,0.5330724570885695,-619477.0295891324,0
fold_3,dummy_mean,above_training_p99,3049835.0053496496,4233206.283417304,1890564.172016317,-1.0792421376385328,1.7863311880661696,0.8489578261837813,-3049835.0053496496,0
fold_3,dummy_mean,at_or_below_training_p90,172826.47621857747,200875.81925603832,169610.82798368298,-0.22252463072164907,0.48843168187264574,0.3782510584097457,85701.39607044605,0
fold_3,dummy_median,above_training_p90,697287.8575728155,748861.5312362907,603200.0,-6.519029988189117,0.9176085615529773,0.6000302412841656,-697287.8575728155,0
fold_3,dummy_median,above_training_p99,3127645.8333333335,4289604.916175265,1968375.0,-1.135014321113355,1.9350430024416847,0.8706173950662676,-3127645.8333333335,0
fold_3,dummy_median,at_or_below_training_p90,152251.10761957732,181847.81147457604,136377.0,-0.0018863350701878723,0.4285039136430463,0.3332194456613635,7890.568086763071,0
fold_3,elastic_log_both_9,above_training_p90,232268.8850373556,315838.0314127363,180653.16519738093,-0.33748100204745946,0.28230571964625206,0.19987205229257102,-163764.510652117,0
fold_3,elastic_log_both_9,above_training_p99,1669882.6040293423,3632418.3090485497,527600.9252632882,-0.5309391029852739,0.9361464398584584,0.46483167220921,-1665669.6765776405,0
fold_3,elastic_log_both_9,at_or_below_training_p90,65830.64090164116,112365.38710669667,43176.375264550385,0.6174683265314984,0.21010776091020447,0.14407809579676575,2184.9056394348304,0
fold_3,extra_trees_log_9,above_training_p90,286265.8226282167,370971.7382036074,232484.5991049792,-0.8451871591067921,0.3442912422231625,0.24633750431410867,-218444.71652027202,0
fold_3,extra_trees_log_9,above_training_p99,1918280.5805683173,3705310.5686995285,994708.1129860404,-0.5929987467359101,0.9968252726325948,0.5339762016086953,-1918280.5805683173,0
fold_3,extra_trees_log_9,at_or_below_training_p90,69393.27253694495,102899.86914026928,46148.036255562445,0.6792017867695778,0.22077540645356653,0.15187533390670324,5486.553771124915,0
fold_3,gradient_boosting_log_9,above_training_p90,447967.0751102754,514169.0082101361,395242.26183567534,-2.5446271962529967,0.5338043117751737,0.38548468791844864,-447967.0751102754,0
fold_3,gradient_boosting_log_9,above_training_p99,2727231.563046176,4081113.753835757,1547059.285807964,-0.9325182504542642,1.418455038583138,0.7591573233313449,-2727231.563046176,0
fold_3,gradient_boosting_log_9,at_or_below_training_p90,103315.8454453404,127232.80806192003,92217.01278984547,0.5095434709287636,0.30016080365225756,0.22611887220782778,4805.723548858373,0
fold_3,hist_gradient_boosting_log_9,above_training_p90,273232.7431321218,348261.5874808174,222257.8194305317,-0.6261849011538667,0.33764524344477886,0.23512227698756524,-241907.37074539866,0
fold_3,hist_gradient_boosting_log_9,above_training_p99,2195905.8184964485,3822823.7030436387,1136955.0550268686,-0.6956442599268371,1.0790901634837924,0.6112564866312616,-2195905.8184964485,0
fold_3,hist_gradient_boosting_log_9,at_or_below_training_p90,71905.62119908837,105667.48297187881,50573.05691970169,0.6617132241772006,0.21817806990860836,0.15737390427243933,1202.00816562219,0
fold_3,huber_log_both_9,above_training_p90,223790.1683477593,304646.6593888878,177098.95896453247,-0.24437596501718595,0.26826219454775907,0.1925759458627996,-141738.90055861944,0
fold_3,huber_log_both_9,above_training_p99,1632392.855737375,3623981.028474433,506600.0078537648,-0.5238353169812824,0.9260124250412426,0.45439595514310704,-1613944.9035451233,0
fold_3,huber_log_both_9,at_or_below_training_p90,64554.52389378917,117225.00550508023,40124.55412233574,0.5836650985775217,0.20792803789848804,0.14128516372156552,7762.551148543739,0
fold_3,lasso_log_both_9,above_training_p90,233145.64046667918,316645.9795147255,182789.1073166692,-0.34433259872172917,0.28352278255219676,0.20062651799291384,-165505.11243147348,0
fold_3,lasso_log_both_9,above_training_p99,1672963.086735877,3633800.237950673,535616.9910439984,-0.5321041953595125,0.9377199959481093,0.46568916118731835,-1669767.4271402264,0
fold_3,lasso_log_both_9,at_or_below_training_p90,65933.72134258776,112102.20604887833,43805.30491693935,0.6192581515475335,0.21035646068092784,0.144303699458557,1983.3694060227726,0
fold_3,ols_log_zip_9,above_training_p90,251559.6867883991,351923.1450003692,177434.85423317458,-0.6605594709304972,0.3352263910374695,0.21647217561830223,-182858.43256839702,0
fold_3,ols_log_zip_9,above_training_p99,1672319.9491042385,3639452.3986335173,447827.3114025715,-0.536874096483196,0.9433692291862905,0.46551013618277387,-1607853.6425579565,0
fold_3,ols_log_zip_9,at_or_below_training_p90,70561.31485098701,120464.50205909554,44913.056865453196,0.5603364366774044,0.22648297726310268,0.15443173181066217,3909.222120404934,0
fold_3,ols_raw_zip_9,above_training_p90,242563.9981855059,334760.6747485259,181364.86088662082,-0.50254553698674,0.29438362775440813,0.20873120444794513,-135338.42055680635,0
fold_3,ols_raw_zip_9,above_training_p99,1770996.6605962391,3640083.497189329,716049.2243144681,-0.5374071454206855,0.9385604985351067,0.49297797176609875,-1733201.9490778055,0
fold_3,ols_raw_zip_9,at_or_below_training_p90,86358.4627244316,135752.45694056788,60449.629018518724,0.4416613492244622,0.28614286451239096,0.18900564683643983,19671.54793795931,0
fold_3,random_forest_log_9,above_training_p90,322599.1471705133,430456.5769838349,252736.7817416523,-1.484376825122769,0.40918153304351185,0.27760306165173015,-243013.69027538056,0
fold_3,random_forest_log_9,above_training_p99,1989570.577765161,3736849.9567565885,1020487.1667814489,-0.6202331898835987,1.0204076266321815,0.5538206197305673,-1939138.6136560494,0
fold_3,random_forest_log_9,at_or_below_training_p90,77063.22955208381,111367.76564542529,51203.96405554563,0.6242306886268818,0.23355334305903103,0.16866193641351102,5098.294705675824,0
fold_3,ridge_log_both_9,above_training_p90,228958.15206883973,313011.2584223946,173782.05542633438,-0.3136470379100067,0.2783445596097854,0.1970230999117839,-158149.6542430046,0
fold_3,ridge_log_both_9,above_training_p99,1671065.5126202565,3629528.118706938,525959.817628231,-0.5285038409973828,0.9323167305912671,0.4651609488763593,-1665545.949640763,0
fold_3,ridge_log_both_9,at_or_below_training_p90,65678.43110025287,113098.58795752148,42297.96840163291,0.6124598872205769,0.210088468070006,0.14374496675464699,3022.11262738574,0
fold_3,ridge_log_both_full12,above_training_p90,230866.06385709508,314547.57704866683,181049.30995812186,-0.3265739417473683,0.2795363828749715,0.19866489642124946,-158278.92627065335,0
fold_3,ridge_log_both_full12,above_training_p99,1649384.1993617213,3626080.2360607577,506348.9601234731,-0.5256012054370187,0.9308951772129014,0.45912569761178623,-1643975.2553438868,0
fold_3,ridge_log_both_full12,at_or_below_training_p90,65431.89412544046,111742.41699568728,42094.45134106069,0.6216981913347714,0.20935090456129185,0.14320539160562876,2855.6176381557034,0
fold_3,size_only_log,above_training_p90,429193.0653667828,501523.75341226376,391590.8992918274,-2.372421023063627,0.524342672610411,0.3693292745207863,-423885.5681980381,0
fold_3,size_only_log,above_training_p99,2555363.7085198085,3969995.045910126,1396536.1822139523,-0.8287154471669789,1.2878805380901912,0.7113158630839412,-2555363.7085198085,0
fold_3,size_only_log,at_or_below_training_p90,120796.57759777163,149020.08671889798,107198.18959558115,0.32719080313066395,0.35170611164153703,0.26437750932817217,12433.166695981508,0
fold_3,size_only_raw,above_training_p90,327917.3094173152,418872.45076384547,276281.13849921245,-1.352460658675252,0.4214374433100252,0.282179447345932,-291112.48064447363,0
fold_3,size_only_raw,above_training_p99,2273039.8188188407,3836971.422685326,1237708.7879906879,-0.7082181541521291,1.1304482508507485,0.6327276524889865,-2273039.8188188407,0
fold_3,size_only_raw,at_or_below_training_p90,134926.22419940005,171694.75360777378,113324.99613361404,0.10686656971588604,0.38392412491861766,0.2953019018110823,47786.19985334872,0
